label;betweenesscentrality;degree
emotion;0,158105;2317
positive;0,126381;2204
experience;0,027018;1202
people;0,02457;1099
negative;0,021304;1096
good;0,02027;988
one;0,017172;861
study;0,016788;853
broaden;0,014085;988
participant;0,012493;751
effect;0,012098;829
find;0,011574;801
show;0,011416;729
use;0,011362;751
work;0,011247;796
build;0,010413;857
emotional;0,009313;744
action;0,009071;793
individual;0,00798;760
time;0,007818;754
play;0,007198;504
social;0,007139;650
affect;0,007117;646
interest;0,006898;565
think;0,006875;737
two;0,006805;656
increase;0,006268;666
life;0,00603;583
state;0,005977;667
although;0,005959;524
test;0,005954;607
resource;0,005905;692
make;0,005888;490
physical;0,005703;556
feel;0,005555;537
change;0,005497;525
even;0,005001;522
within;0,004948;556
suggest;0,004625;589
research;0,004542;538
new;0,004498;473
level;0,004371;571
process;0,004201;479
human;0,004152;441
theory;0,004071;592
colleague;0,00406;477
evidence;0,004007;578
associate;0,003909;485
high;0,003852;482
present;0,003725;410
contentment;0,003688;463
create;0,003626;442
become;0,003589;370
lead;0,003531;411
cardiovascular;0,00351;468
tendency;0,00339;485
whereas;0,003353;381
experiment;0,00334;477
joy;0,003317;414
specific;0,003242;541
measure;0,003239;435
include;0,003234;443
self;0,003212;475
like;0,003189;454
psychology;0,003167;346
psychological;0,003139;480
response;0,003081;398
pleasant;0,003061;227
provide;0,003051;403
urge;0,003038;414
often;0,003035;440
function;0,00297;501
model;0,002958;461
may;0,002917;466
learn;0,002899;369
cognitive;0,002858;419
love;0,002813;445
another;0,002776;350
first;0,002767;399
view;0,002753;442
appear;0,002729;400
way;0,002684;407
support;0,002683;470
neutral;0,002665;480
empirical;0,002662;400
behavior;0,002644;428
activity;0,002602;338
early;0,002599;338
task;0,002564;406
among;0,002536;401
smile;0,002535;379
attention;0,002491;491
late;0,002447;424
focus;0,002438;375
health;0,002429;452
produce;0,002401;474
describe;0,002355;361
take;0,002337;406
great;0,002336;431
range;0,002323;410
clip;0,002246;354
long;0,002217;430
base;0,002211;358
little;0,0022;348
problem;0,00217;374
mean;0,002146;395
behavioral;0,002144;355
fear;0,002139;310
report;0,002132;404
student;0,002123;325
hypothesis;0,00212;477
emerge;0,002116;290
whether;0,002029;387
engage;0,002014;295
wide;0,002;242
mind;0,001995;325
give;0,001982;270
assess;0,001982;299
film;0,001882;330
large;0,001807;197
across;0,001803;333
system;0,001797;308
distinct;0,001776;382
need;0,001772;311
develop;0,001755;352
undo;0,001748;396
datum;0,001748;363
spiral;0,001744;392
write;0,00173;191
person;0,001676;288
important;0,00166;300
example;0,001652;228
visual;0,001624;284
relate;0,001601;367
group;0,001599;323
moment;0,001596;353
either;0,001584;298
just;0,001572;230
other;0,001534;291
explore;0,001519;286
elicit;0,001516;264
form;0,001508;322
circumstance;0,001499;324
relationship;0,001499;303
face;0,001498;216
narrow;0,001477;351
complex;0,00147;218
personal;0,001467;350
follow;0,001461;348
word;0,001453;183
help;0,001446;334
global;0,00143;293
resilience;0,001409;270
context;0,001408;299
turn;0,001399;291
question;0,00138;241
term;0,001357;334
approach;0,001327;282
link;0,001319;297
researcher;0,00131;241
see;0,001306;276
perhaps;0,0013;304
adult;0,001289;209
initial;0,001276;364
anger;0,001262;264
gain;0,001259;198
repertoire;0,00125;420
predict;0,001245;381
induce;0,001236;348
relative;0,00122;303
continue;0,001201;243
serve;0,0012;320
however;0,001189;257
pattern;0,001189;298
flourish;0,001183;258
perspective;0,001183;332
science;0,001174;203
physiological;0,001169;267
similar;0,001168;267
condition;0,001166;328
scope;0,001129;305
involve;0,001125;172
identify;0,001124;184
upward;0,001121;361
brain;0,001119;217
momentary;0,001116;321
year;0,001113;196
isen;0,001111;300
share;0,001107;284
look;0,001093;240
particular;0,001085;322
general;0,001081;237
control;0,001054;285
anxiety;0,001041;294
consistent;0,001035;326
resilient;0,001011;261
facial;0,001008;225
positivity;0,001008;274
three;0,001003;266
ask;0,000991;251
examine;0,000988;251
sadness;0,000986;250
idea;0,000972;258
field;0,000971;213
difference;0,000971;245
result;0,000954;322
around;0,00095;178
especially;0,000946;208
speech;0,000936;198
degree;0,000931;193
low;0,000924;219
compare;0,000923;242
understand;0,000919;290
reveal;0,000914;202
note;0,000914;233
nature;0,000911;195
ability;0,000909;312
2;0,000904;231
sample;0,0009;170
mood;0,000895;218
recent;0,000886;206
small;0,000884;162
university;0,000881;197
child;0,00088;161
body;0,000877;223
mental;0,000868;167
together;0,000855;304
standard;0,000853;172
happiness;0,000851;197
contrast;0,00085;224
creative;0,000838;218
affective;0,000835;253
benefit;0,000832;252
analysis;0,000826;221
comparison;0,000823;161
event;0,000822;275
review;0,000803;201
part;0,000802;217
consider;0,000796;210
rate;0,000793;177
trigger;0,000791;282
fight;0,00079;171
figure;0,000772;192
current;0,000767;260
information;0,000763;197
eye;0,000758;191
light;0,000755;124
likely;0,000745;229
expand;0,000744;216
disease;0,00073;152
future;0,000728;289
lkm;0,000728;249
local;0,000723;220
tone;0,000722;272
recovery;0,000717;238
daily;0,000711;275
key;0,00071;225
short;0,000707;238
depression;0,000701;191
amusement;0,0007;234
come;0,000698;193
cope;0,000697;286
activation;0,000692;273
index;0,000683;208
call;0,000681;244
flexible;0,000677;201
thought;0,000675;233
vagal;0,000666;261
act;0,000662;255
set;0,000657;221
exploration;0,000655;131
design;0,000654;212
us;0,000651;137
various;0,000645;168
feeling;0,000642;192
performance;0,00064;179
survival;0,000638;229
past;0,000633;232
connection;0,000615;244
know;0,000615;176
characterize;0,000611;200
item;0,00061;159
broad;0,000607;276
agreement;0,000606;31
situation;0,000605;225
five;0,000604;168
numb;0,000603;186
subjective;0,0006;249
advance;0,000598;134
many;0,000596;262
offer;0,000595;186
psychologist;0,000594;168
lab;0,000588;190
reason;0,000587;216
observe;0,000585;159
rather;0,000584;208
knowledge;0,000581;154
oxytocin;0,000581;114
reliably;0,000579;133
mark;0,000578;170
target;0,00057;192
growth;0,00057;193
promote;0,000569;250
laboratory;0,000569;234
different;0,000559;243
skill;0,000559;204
draw;0,000557;226
generate;0,000555;224
point;0,00055;162
begin;0,000548;186
toward;0,000544;231
finding;0,000543;218
meet;0,00054;117
close;0,000536;162
theorist;0,000526;224
illness;0,000518;109
open;0,000518;177
american;0,000516;74
frequent;0,000511;202
evident;0,00051;170
yield;0,000506;237
adaptive;0,000503;233
awareness;0,000502;216
cognition;0,000498;228
particularly;0,00049;191
image;0,000489;150
intervention;0,000488;190
heart;0,000487;122
case;0,000486;173
seem;0,000481;191
run;0,000481;149
area;0,000477;126
influence;0,000472;166
stress;0,00047;222
dynamic;0,000469;200
typically;0,000466;173
depress;0,000465;46
pleasure;0,000464;152
represent;0,000463;223
argue;0,000455;204
answer;0,000453;109
symptom;0,000452;169
place;0,000449;87
sad;0,000445;83
arousal;0,000436;237
day;0,000436;215
pep;0,000434;160
assign;0,000433;205
require;0,000432;156
claim;0,000432;185
levenson;0,000428;188
account;0,000428;233
experimental;0,000426;225
course;0,000424;158
likewise;0,000424;120
direct;0,000421;219
back;0,000421;208
fit;0,00042;137
sexual;0,000419;68
respond;0,000418;167
define;0,000418;167
evolve;0,000417;192
enhance;0,000417;210
reflect;0,000413;188
reactivity;0,000412;136
threat;0,000408;180
without;0,000407;155
possible;0,000402;142
discuss;0,000402;145
remain;0,000401;153
society;0,000401;133
common;0,000394;169
fitness;0,000391;81
gratitude;0,000391;129
implicate;0,000387;63
pride;0,000383;129
endure;0,000378;229
specifically;0,000376;163
live;0,000375;159
muscle;0,000374;115
expression;0,000371;171
discover;0,000371;167
outcome;0,00037;192
lifestyle;0,00037;141
certain;0,000368;186
score;0,000365;149
motivation;0,000363;142
therefore;0,00036;123
baseline;0,00036;210
array;0,000359;203
receive;0,000359;118
intellectual;0,000358;193
conduct;0,000355;172
autonomic;0,000352;181
interaction;0,000352;131
significant;0,000352;161
clinical;0,00035;123
indicate;0,000348;164
solve;0,000347;160
indeed;0,000347;151
arise;0,000343;127
goal;0,000342;158
evolutionary;0,00034;173
extent;0,000338;235
nonconscious;0,000338;162
spark;0,000337;186
unfold;0,000336;78
challenge;0,000334;127
disorder;0,00033;123
express;0,00033;122
attack;0,000328;117
exist;0,000328;150
relevant;0,000325;179
whose;0,000325;74
beyond;0,000322;202
hold;0,000321;153
month;0,000321;144
extend;0,00032;201
useful;0,000318;110
thus;0,000318;191
serenity;0,000318;95
randomly;0,000318;196
relatedly;0,000312;46
practice;0,000312;143
fredrickson;0,000312;219
functional;0,000311;104
rest;0,000308;155
start;0,000304;92
previously;0,000303;96
recurrent;0,000302;153
propose;0,000302;199
phenomenon;0,000302;76
monkey;0,0003;73
trait;0,000295;232
end;0,000295;136
value;0,000294;160
multiple;0,000294;179
choose;0,000294;156
element;0,000293;99
method;0,000293;81
something;0,000292;78
marker;0,000292;113
strength;0,000291;123
program;0,000291;144
peripheral;0,000291;101
thing;0,000289;133
unique;0,000288;186
seek;0,000288;142
week;0,000287;176
along;0,000285;108
biological;0,000285;154
material;0,000283;47
shape;0,000279;155
team;0,000279;90
fact;0,000278;137
environment;0,000278;108
disgust;0,000275;103
aspect;0,000275;113
achieve;0,000275;102
someone;0,000275;41
cue;0,000275;128
four;0,000274;142
variety;0,000274;155
doubt;0,000274;83
choice;0,000273;100
penguin;0,000272;89
now;0,000271;183
violence;0,00027;60
species;0,000266;94
stimulus;0,000265;121
scientist;0,000262;113
improve;0,00026;200
theoretical;0,00026;161
last;0,000259;114
peer;0,000258;127
nun;0,000258;91
reach;0,000258;146
fast;0,000257;136
code;0,000257;84
less;0,000256;112
association;0,000256;140
underlie;0,000254;150
category;0,000253;124
single;0,000252;121
death;0,000251;108
notably;0,00025;146
capture;0,00025;158
sixzero;0,000246;97
pressure;0,000246;176
duchenne;0,000245;173
role;0,000245;168
nine;0,000244;132
allow;0,000243;165
concept;0,000242;142
topic;0,000242;108
several;0,000241;137
namely;0,000239;172
rise;0,000238;135
respectively;0,000238;115
occur;0,000237;134
overall;0,000236;161
optimal;0,000235;136
prompt;0,000235;164
component;0,000234;102
towards;0,000233;149
reliable;0,000233;123
flexibility;0,000231;112
care;0,000229;144
attempt;0,000227;121
sense;0,000226;147
collaborator;0,000225;111
document;0,000224;122
direction;0,000223;93
effort;0,000222;138
video;0,000222;167
importantly;0,00022;166
simply;0,000218;142
detail;0,000217;156
reward;0,000217;88
right;0,000216;70
period;0,000216;99
contribute;0,000214;104
juvenile;0,000214;99
list;0,000212;97
repeat;0,000212;103
collection;0,000212;48
bias;0,000211;176
movement;0,000211;89
effective;0,00021;124
hope;0,000209;108
inspire;0,000209;142
whatever;0,000208;109
ancestor;0,000207;176
mechanism;0,000206;117
breadth;0,000206;147
world;0,000206;117
read;0,000204;113
put;0,000202;103
adversity;0,000202;147
central;0,000201;126
reduce;0,000201;147
blood;0,0002;155
savor;0,000199;170
signal;0,000198;141
additional;0,000198;139
member;0,000197;73
scientific;0,000196;106
longitudinal;0,000196;161
correct;0,000195;59
scale;0,000195;77
natural;0,000194;87
twozero;0,000193;115
assessment;0,000193;153
tell;0,000193;78
side;0,000193;78
biobehavioral;0,000193;51
accord;0,000192;132
demonstrate;0,000192;140
possibility;0,000191;86
object;0,000191;135
heighten;0,000191;74
instead;0,00019;169
witness;0,00019;89
creativity;0,000189;101
chronic;0,000189;127
decrease;0,000189;108
line;0,000188;113
enable;0,000188;86
subset;0,000186;104
accompany;0,000184;113
moreover;0,000181;123
differ;0,000181;113
wellness;0,00018;132
army;0,00018;31
soldier;0,00018;31
investigate;0,000179;152
integrate;0,000179;159
plus;0,000178;108
never;0,000177;59
distinguish;0,000175;94
though;0,000173;114
mediate;0,000172;106
train;0,000172;122
strategy;0,000171;142
game;0,000171;65
active;0,00017;164
synchrony;0,000169;103
investigation;0,000168;133
induction;0,000167;159
always;0,000167;69
type;0,000163;156
linger;0,000163;111
attentional;0,00016;160
vary;0,000156;113
percent;0,000155;20
technique;0,000155;141
confidence;0,000154;64
statement;0,000154;106
attachment;0,000154;96
mindset;0,000153;146
observation;0,000153;98
evoke;0,000152;154
treatment;0,000152;81
adulthood;0,000152;49
posit;0,000151;141
durable;0,00015;84
clear;0,000148;90
cardiac;0,000148;80
irrelevant;0,000148;31
prepare;0,000147;115
plan;0,000147;52
reciprocal;0,000147;166
tend;0,000146;116
bodily;0,000146;116
oneness;0,000146;30
far;0,000145;132
subsequent;0,000145;182
eventually;0,000145;43
emotionality;0,000145;137
feature;0,000144;148
exception;0,000144;52
uncover;0,000143;111
aim;0,000143;77
sustain;0,000143;119
big;0,000143;87
path;0,000142;81
able;0,000142;95
mutual;0,000142;121
seligman;0,000139;70
bond;0,000138;103
infant;0,000138;83
couple;0,000138;84
speculate;0,000136;116
quick;0,000136;110
cycle;0,000136;89
relation;0,000136;149
ekman;0,000135;84
appraisal;0,000135;109
basic;0,000134;126
frequently;0,000134;105
contain;0,000133;25
opportunity;0,000133;99
certainly;0,000133;48
step;0,000133;158
power;0,000133;51
today;0,000132;33
workshop;0,000132;82
carry;0,000131;147
september;0,000131;61
satisfaction;0,000131;106
behavioural;0,00013;37
wake;0,00013;35
hard;0,000129;34
chapter;0,000129;97
stick;0,000128;58
awe;0,000128;51
flow;0,000126;114
organization;0,000125;110
comparable;0,000124;93
izard;0,000123;69
inner;0,000123;101
age;0,000123;91
languish;0,000123;75
valid;0,000123;77
serial;0,000123;46
press;0,000122;66
forth;0,000122;115
amount;0,000122;108
content;0,000122;79
twofour;0,000122;102
recall;0,000121;116
simple;0,000121;68
causal;0,000121;109
dopamine;0,000121;75
consequence;0,00012;165
display;0,00012;96
resonance;0,00012;119
cancer;0,000119;58
explain;0,000119;117
perceive;0,000119;90
series;0,000119;119
pre;0,000118;58
grain;0,000118;50
pair;0,000117;99
intrigue;0,000117;66
exhibit;0,000117;131
novel;0,000116;120
bite;0,000116;59
correlate;0,000116;126
track;0,000116;135
sensory;0,000116;68
catalog;0,000116;28
motive;0,000116;132
go;0,000115;118
development;0,000115;91
healthy;0,000115;112
lazarus;0,000113;59
patient;0,000113;76
inferiority;0,000113;54
raise;0,000112;110
losada;0,000112;67
schizophrenia;0,000112;96
configuration;0,000111;54
critical;0,000111;111
foster;0,000111;95
frijda;0,000109;70
safe;0,000109;93
relatively;0,000108;98
female;0,000108;60
record;0,000108;69
quickly;0,000108;71
hour;0,000108;50
combine;0,000108;81
young;0,000107;52
prolong;0,000107;79
generative;0,000107;64
preparation;0,000106;129
discrete;0,000105;132
maintain;0,000105;89
exclusively;0,000105;91
leave;0,000105;46
primarily;0,000104;57
wear;0,000104;46
inquiry;0,000104;71
facilitate;0,000103;119
alter;0,000103;100
reduction;0,000103;105
urine;0,000103;53
confirm;0,000103;73
solution;0,000102;94
enough;0,000102;83
motivate;0,000102;97
major;0,000102;21
lose;0,000102;48
childhood;0,000101;60
appreciation;0,000101;49
lesson;0,000101;28
ago;0,0001;66
beneficial;0,0001;115
compound;0,0001;91
electromyography;0,0001;54
membership;0,0001;52
escape;0,000099;54
resemble;0,000099;60
grind;0,000099;51
socially;0,000099;104
automatic;0,000098;84
playful;0,000098;75
sometimes;0,000098;65
old;0,000098;52
ultimately;0,000098;80
articulate;0,000097;96
recently;0,000097;103
quality;0,000096;55
addition;0,000096;124
establish;0,000096;116
away;0,000096;82
deep;0,000095;63
encounter;0,000095;47
perception;0,000095;101
rating;0,000095;53
seat;0,000094;45
fuel;0,000093;113
watch;0,000093;50
eat;0,000092;67
compel;0,000092;57
immediate;0,000092;114
grow;0,000091;68
encourage;0,000091;115
primary;0,000091;74
oneself;0,000091;79
somewhat;0,000091;40
do;0,000091;67
essay;0,000091;59
position;0,000091;58
six;0,000091;96
style;0,00009;107
access;0,00009;89
seven;0,00009;57
ratio;0,00009;60
satisfy;0,000089;77
additionally;0,000089;97
suggestion;0,000089;61
cover;0,000089;70
laughter;0,000087;89
appropriate;0,000087;97
finally;0,000087;71
cultivate;0,000087;130
free;0,000086;67
replicate;0,000086;119
drug;0,000085;51
attend;0,000085;50
objective;0,000085;91
complete;0,000085;92
procedure;0,000085;43
hand;0,000084;68
alongside;0,000084;101
valence;0,000084;85
family;0,000083;90
ethologist;0,000083;82
predator;0,000083;82
boost;0,000083;129
exercise;0,000083;42
academic;0,000082;62
recover;0,000082;106
medicine;0,000082;63
interval;0,000082;63
career;0,000082;71
rigorous;0,000082;82
diminish;0,000081;53
desire;0,000081;63
success;0,00008;138
factor;0,000079;84
inclusive;0,000079;99
downward;0,000079;91
literature;0,000078;76
regard;0,000078;64
vast;0,000078;38
nearly;0,000078;32
stable;0,000078;105
depend;0,000077;65
smith;0,000077;69
accumulate;0,000077;93
signature;0,000077;81
meditation;0,000077;71
curiosity;0,000076;64
significantly;0,000076;137
despite;0,000076;58
nervous;0,000076;90
college;0,000076;122
cliffhanger;0,000076;57
speaker;0,000075;44
interpersonal;0,000075;103
csikszentmihalyi;0,000074;76
address;0,000074;38
switch;0,000074;80
typical;0,000073;122
chase;0,000073;69
average;0,000073;62
medical;0,000073;71
business;0,000073;68
fall;0,000073;57
vs;0,000073;39
initiate;0,000072;60
neurological;0,000072;38
get;0,000072;94
say;0,000071;64
want;0,000071;93
opposite;0,000071;70
school;0,000071;71
much;0,000071;101
foot;0,000071;60
disrupt;0,00007;37
pursue;0,000069;115
description;0,000069;104
difficult;0,000069;53
bad;0,000069;81
moderate;0,000068;90
male;0,000067;63
lesion;0,000067;42
somehow;0,000067;51
trajectory;0,000067;76
neck;0,000067;31
strong;0,000066;95
largely;0,000066;53
move;0,000066;74
incentive;0,000066;67
salience;0,000066;67
size;0,000066;35
magnitude;0,000065;78
achievement;0,000065;75
table;0,000065;55
landmark;0,000065;35
considerably;0,000065;25
outer;0,000065;74
unprecedented;0,000065;29
experiential;0,000064;28
manner;0,000064;38
freedom;0,000064;33
continuum;0,000064;40
rigor;0,000064;56
surprise;0,000064;35
mdes;0,000064;90
apply;0,000064;62
momentarily;0,000063;73
cast;0,000062;90
odd;0,000062;99
appraise;0,000062;53
refer;0,000062;33
mid;0,000062;52
jump;0,000061;42
expansive;0,000061;78
significance;0,000061;101
community;0,000061;73
internal;0,000061;36
goodness;0,000061;39
sort;0,00006;73
coronary;0,00006;33
branch;0,00006;45
simultaneously;0,00006;62
thereby;0,000059;98
real;0,000059;49
oppose;0,000059;61
outward;0,000059;48
frequency;0,000059;102
upper;0,000059;29
loss;0,000058;76
characteristic;0,000058;67
conceptualize;0,000058;102
ignore;0,000058;49
subordinate;0,000058;54
drive;0,000058;87
match;0,000057;59
whole;0,000057;67
integrative;0,000057;71
berridge;0,000057;43
man;0,000056;52
conceptual;0,000056;55
versus;0,000056;62
stressor;0,000056;77
purpose;0,000055;69
dysfunction;0,000055;54
3;0,000055;76
similarity;0,000055;57
upright;0,000055;38
avoidance;0,000055;72
story;0,000055;79
reaction;0,000055;80
pathway;0,000055;59
oneone;0,000055;33
room;0,000055;26
contact;0,000055;68
risk;0,000054;50
intrinsic;0,000054;74
responsible;0,000054;37
conscious;0,000054;65
difficulty;0,000053;56
decisive;0,000053;81
culture;0,000053;43
conclude;0,000053;81
attach;0,000053;53
friesen;0,000053;55
partner;0,000053;55
prior;0,000053;87
ellsworth;0,000052;54
food;0,000052;50
secondary;0,000052;87
try;0,000052;57
distinction;0,000052;86
meeting;0,000052;33
scholar;0,000052;37
detect;0,000052;31
notable;0,000052;39
vague;0,000051;54
relief;0,000051;42
regulate;0,000051;103
enjoy;0,000051;35
listen;0,000051;65
pioneer;0,000051;39
inactivity;0,00005;47
product;0,00005;82
friend;0,00005;68
alone;0,00005;56
david;0,00005;60
genuine;0,00005;93
cost;0,000049;58
discovery;0,000049;87
harness;0,000049;76
precede;0,000049;58
artery;0,000048;33
complementary;0,000048;91
status;0,000048;63
temporal;0,000048;55
oneeight;0,000048;45
inflammatory;0,000048;58
cultural;0,000047;62
unscripted;0,000047;46
fail;0,000047;55
accessible;0,000047;60
reciprocally;0,000047;83
devote;0,000047;75
onesix;0,000047;28
motivational;0,000047;67
eight;0,000047;56
already;0,000046;75
brief;0,000046;49
virtually;0,000046;56
shorten;0,000046;53
background;0,000046;30
powerful;0,000046;25
total;0,000046;45
non;0,000045;50
considerable;0,000045;96
bring;0,000045;46
correlational;0,000045;109
efficient;0,000045;87
requirement;0,000045;37
structure;0,000045;38
distress;0,000045;60
animal;0,000045;74
shift;0,000045;118
gaze;0,000045;70
differentiation;0,000044;76
deficit;0,000044;61
embody;0,000044;73
capacity;0,000044;72
fully;0,000044;43
decade;0,000044;84
parallel;0,000044;57
nonhuman;0,000044;58
worth;0,000044;69
reproduction;0,000044;58
computer;0,000044;40
space;0,000043;52
memory;0,000043;49
wall;0,000043;47
second;0,000043;66
parent;0,000043;64
stressful;0,000043;56
neutrality;0,000043;87
dual;0,000043;65
inherent;0,000042;77
separate;0,000042;57
rough;0,000042;65
tumble;0,000042;65
impact;0,000042;49
bag;0,000042;70
candy;0,000042;70
enact;0,000042;73
prediction;0,000042;84
personally;0,000042;55
onezero;0,000042;85
implicit;0,000042;34
application;0,000041;62
boy;0,000041;43
expel;0,000041;36
friendship;0,000041;43
few;0,000041;84
mutually;0,000041;57
remarkable;0,000041;45
infuse;0,000041;64
tune;0,000041;62
classic;0,00004;52
minute;0,00004;63
unexpected;0,00004;70
ordinary;0,00004;97
traditional;0,000039;83
inhibit;0,000039;31
engender;0,000039;71
beat;0,000039;62
random;0,000039;57
assignment;0,000039;57
shiota;0,000039;49
independent;0,000038;67
limit;0,000038;75
duration;0,000038;59
consciousness;0,000038;37
advocacy;0,000038;39
impression;0,000038;38
investigator;0,000038;51
music;0,000038;58
inflammation;0,000038;70
kind;0,000037;52
organize;0,000037;49
longevity;0,000037;42
psychosocial;0,000037;55
hearted;0,000037;70
spend;0,000037;80
comprise;0,000037;48
unusual;0,000036;99
harmless;0,000036;21
secure;0,000036;54
classify;0,000036;47
former;0,000036;55
edit;0,000036;43
berkeley;0,000036;68
genomics;0,000036;71
gene;0,000036;71
assume;0,000035;83
ancestral;0,000035;45
seemingly;0,000035;64
sequence;0,000035;55
greatly;0,000035;36
twenty;0,000035;49
evaluation;0,000035;60
deem;0,000035;28
expect;0,000035;65
easy;0,000034;55
issue;0,000034;66
respect;0,000034;56
advantage;0,000034;72
moskowitz;0,000034;51
calculate;0,000034;61
personality;0,000034;67
catch;0,000034;29
route;0,000033;29
variation;0,000033;55
morning;0,000033;38
add;0,000033;61
grasp;0,000033;43
voice;0,000033;39
neuroscience;0,000033;44
organizational;0,000033;51
indirect;0,000032;78
threaten;0,000032;90
intensity;0,000032;63
laugh;0,000032;59
float;0,000032;27
block;0,000032;44
humanity;0,000032;40
volume;0,000032;48
instruction;0,000032;46
criticism;0,000032;54
lyubomirsky;0,000032;38
collective;0,000031;71
pleasantness;0,000031;37
bounce;0,000031;54
originally;0,000031;46
connect;0,000031;87
consequential;0,000031;109
international;0,000031;48
trio;0,000031;67
underscore;0,00003;58
unknown;0,00003;23
johnson;0,00003;64
observer;0,000029;45
merely;0,000029;50
still;0,000029;67
drop;0,000029;52
relaxation;0,000029;52
frivolous;0,000029;24
framework;0,000029;47
argument;0,000029;26
select;0,000029;60
twofive;0,000029;59
hunter;0,000028;56
gatherer;0,000028;56
presumably;0,000028;55
robert;0,000028;45
physician;0,000028;54
keep;0,000028;45
stretch;0,000028;53
senior;0,000028;20
perform;0,000027;58
flight;0,000027;38
option;0,000027;97
diverse;0,000027;84
bereavement;0,000027;68
prospective;0,000027;78
waddle;0,000027;30
height;0,000027;34
complexity;0,000027;34
pathology;0,000027;44
mindfulness;0,000027;75
cole;0,000027;46
similarly;0,000026;66
aggression;0,000026;47
encompass;0,000026;69
writing;0,000026;44
tap;0,000026;68
enjoyable;0,000026;55
fleeting;0,000026;55
apa;0,000026;33
adherence;0,000026;67
landscape;0,000025;31
necessarily;0,000025;49
elation;0,000025;59
instance;0,000025;47
blush;0,000025;27
energy;0,000025;54
spontaneous;0,000025;59
speed;0,000025;57
fortune;0,000025;40
launch;0,000025;77
variant;0,000025;39
aggregate;0,000025;69
sport;0,000025;27
interpretation;0,000025;32
rely;0,000024;39
slight;0,000024;27
manic;0,000024;33
equal;0,000024;74
remote;0,000024;51
inevitable;0,000024;68
keltner;0,000024;56
kremen;0,000024;38
wallace;0,000024;42
president;0,000024;26
deliver;0,000024;45
contribution;0,000024;57
emg;0,000024;66
warm;0,000024;27
determine;0,000024;30
every;0,000023;44
stem;0,000023;38
generic;0,000023;48
pay;0,000023;65
locomotor;0,000023;37
resourceful;0,000023;32
efficiently;0,000023;37
plausible;0,000023;36
joiner;0,000023;100
paul;0,000023;38
picture;0,000023;68
survey;0,000023;65
terrorist;0,000023;51
mirror;0,000023;49
climb;0,000023;35
validity;0,000023;41
creatively;0,000023;49
letter;0,000023;29
substantially;0,000023;84
heuristic;0,000023;34
unpleasant;0,000022;33
return;0,000022;74
proposition;0,000022;80
land;0,000022;36
sleep;0,000022;52
original;0,000022;72
easily;0,000022;29
habit;0,000022;54
cause;0,000022;56
conflict;0,000022;24
depressive;0,000022;61
placebo;0,000022;37
worker;0,000022;42
disclosure;0,000022;48
intention;0,000021;37
openness;0,000021;51
humor;0,000021;51
decision;0,000021;71
break;0,000021;29
archive;0,000021;31
improvement;0,000021;52
trend;0,000021;23
unlike;0,000021;42
exclusive;0,000021;32
cortex;0,000021;43
underway;0,000021;49
cytokine;0,000021;54
sustainable;0,000021;46
management;0,00002;23
grief;0,00002;40
react;0,00002;44
optimism;0,00002;73
peculiar;0,00002;34
maneuver;0,00002;32
ensure;0,00002;29
immune;0,00002;60
offset;0,00002;33
per;0,00002;62
reinforce;0,00002;72
accommodate;0,00002;23
economic;0,00002;30
negativity;0,00002;58
gather;0,00002;60
ethereal;0,00002;26
venture;0,00002;46
uc;0,00002;56
ledge;0,00002;52
screensaver;0,00002;29
sharp;0,00002;23
attendant;0,00002;88
presentation;0,00002;36
full;0,00002;52
asymmetry;0,000019;17
excessive;0,000019;39
adopt;0,000019;66
map;0,000019;39
forest;0,000019;53
tree;0,000019;53
dominance;0,000019;40
motor;0,000019;50
gift;0,000019;45
differential;0,000019;46
distance;0,000019;51
save;0,000019;56
systolic;0,000019;70
diastolic;0,000019;70
transform;0,000019;66
indirectly;0,000019;53
grave;0,000019;46
fulfill;0,000019;37
comfortable;0,000019;16
semantic;0,000019;57
withdrawal;0,000019;47
date;0,000018;47
unipolar;0,000018;37
sufficient;0,000018;48
tool;0,000018;32
resistance;0,000018;24
feedback;0,000018;62
highly;0,000018;31
existence;0,000018;35
accrue;0,000018;59
repeatedly;0,000018;33
remedy;0,000018;39
despair;0,000018;39
sensation;0,000018;44
ashby;0,000018;40
oneoneth;0,000018;46
heaven;0,000018;18
generally;0,000018;57
activate;0,000018;61
accurately;0,000018;33
exchange;0,000018;23
workplace;0,000018;33
corollary;0,000018;64
ethnic;0,000018;15
qualitative;0,000018;35
antisocial;0,000018;51
limb;0,000017;74
vigilant;0,000017;30
suitable;0,000017;58
incorporate;0,000017;58
variable;0,000017;17
4;0,000017;45
thrive;0,000017;36
spin;0,000017;57
whatsoever;0,000017;44
michigan;0,000017;63
invite;0,000017;38
kring;0,000017;48
prevent;0,000017;21
craving;0,000017;49
contend;0,000017;25
potential;0,000017;62
wellbeing;0,000016;60
differentiate;0,000016;55
flee;0,000016;48
familiar;0,000016;36
episode;0,000016;51
normal;0,000016;53
alice;0,000016;32
empty;0,000016;30
refine;0,000016;56
tally;0,000016;33
concern;0,000016;42
gender;0,000016;59
weather;0,000016;27
register;0,000016;22
collect;0,000016;34
special;0,000016;46
trial;0,000016;32
compassion;0,000016;58
outdoor;0,000016;59
count;0,000016;30
blessing;0,000016;30
article;0,000015;65
replete;0,000015;38
suicide;0,000015;41
quite;0,000015;32
adequately;0,000015;17
order;0,000015;73
enjoyment;0,000015;64
sunny;0,000015;27
tomkins;0,000015;23
miss;0,000015;48
commonality;0,000015;30
partake;0,000015;30
proposal;0,000015;49
branigan;0,000015;76
precise;0,000015;21
regularly;0,000015;57
otherwise;0,000015;22
coder;0,000015;32
indicator;0,000015;30
modify;0,000015;42
adjective;0,000015;36
inch;0,000015;39
ensue;0,000015;30
boundary;0,000015;61
due;0,000015;30
interact;0,000015;49
potent;0,000015;38
domain;0,000014;77
neglect;0,000014;26
abuse;0,000014;47
interplay;0,000014;29
sound;0,000014;32
implication;0,000014;52
mild;0,000014;61
absence;0,000014;40
loosen;0,000014;60
dependent;0,000014;38
source;0,000014;41
encode;0,000014;32
abstract;0,000014;36
martin;0,000014;25
therapy;0,000014;45
capitalize;0,000014;42
home;0,000014;33
dimension;0,000014;51
widen;0,000014;64
videotape;0,000014;58
optimize;0,000014;42
religious;0,000014;21
none;0,000014;13
optimistic;0,000014;45
inappropriate;0,000014;51
external;0,000014;24
behaviour;0,000014;42
fine;0,000014;50
publication;0,000014;34
symposium;0,000014;33
surround;0,000014;40
gable;0,000014;36
meditate;0,000014;51
listener;0,000014;43
european;0,000014;13
minority;0,000014;13
triad;0,000014;34
inconsistent;0,000014;35
recognize;0,000013;42
pose;0,000013;49
definition;0,000013;64
obvious;0,000013;51
floor;0,000013;36
platform;0,000013;26
cross;0,000013;34
reader;0,000013;39
objectless;0,000013;17
exacerbate;0,000013;36
discussion;0,000013;35
reject;0,000013;26
stage;0,000013;34
interpret;0,000013;20
offshoot;0,000013;42
relax;0,000013;42
gross;0,000013;25
substrate;0,000013;38
respiration;0,000013;26
physically;0,000013;21
grewen;0,000013;22
pilot;0,000013;34
cohn;0,000013;49
expressly;0,000012;50
selection;0,000012;33
suffer;0,000012;36
orientation;0,000012;46
environmental;0,000012;17
sapling;0,000012;31
catapult;0,000012;31
quiescence;0,000012;52
justify;0,000012;53
class;0,000012;28
envision;0,000012;41
augment;0,000012;72
tugade;0,000012;43
reappraisal;0,000012;56
precisely;0,000012;39
naturally;0,000012;24
post;0,000012;42
principle;0,000012;33
separately;0,000012;54
deviation;0,000012;48
location;0,000012;43
rowe;0,000012;49
anderson;0,000012;38
trust;0,000012;54
guide;0,000011;58
mania;0,000011;37
adaptation;0,000011;59
spit;0,000011;34
discard;0,000011;48
interchangeably;0,000011;33
accomplishment;0,000011;25
kaplan;0,000011;33
push;0,000011;26
preliminary;0,000011;76
manipulate;0,000011;48
century;0,000011;28
tradition;0,000011;39
observational;0,000011;29
superior;0,000011;36
bonanno;0,000011;38
engagement;0,000011;40
emotionally;0,000011;57
pessimistic;0,000011;43
diagnosis;0,000011;37
alleviate;0,000011;46
uniformly;0,000011;21
stringent;0,000011;53
albeit;0,000011;32
wadlinger;0,000011;45
isaacowitz;0,000011;45
dessert;0,000011;35
spiritual;0,000011;46
expose;0,000011;34
north;0,000011;34
carolina;0,000011;34
schedule;0,000011;38
touch;0,000011;44
hasson;0,000011;30
dark;0,000011;25
priori;0,000011;43
mesolimbic;0,000011;26
dire;0,00001;27
hinder;0,00001;43
emergency;0,00001;25
mother;0,00001;42
safety;0,00001;34
satiation;0,00001;34
aftereffects;0,00001;52
cascade;0,00001;32
uncharted;0,00001;42
peak;0,00001;42
promise;0,00001;51
undifferentiated;0,00001;16
angry;0,00001;13
crucial;0,00001;50
grateful;0,00001;27
resolve;0,00001;15
ingredient;0,00001;21
occupy;0,00001;18
identical;0,00001;19
nonlinear;0,00001;34
via;0,00001;54
nimh;0,00001;34
grant;0,00001;34
dial;0,00001;32
near;0,00001;34
newly;0,00001;68
instruct;0,00001;31
unbidden;0,00001;45
forecast;0,00001;61
mediation;0,00001;40
loop;0,00001;64
simulation;0,00001;37
embed;0,00001;28
elate;0,00001;41
cease;0,000009;25
closely;0,000009;49
integration;0,000009;36
playfulness;0,000009;33
experimentally;0,000009;60
verbal;0,000009;46
squirrel;0,000009;29
slow;0,000009;27
innate;0,000009;25
importance;0,000009;41
since;0,000009;24
teach;0,000009;16
half;0,000009;36
surface;0,000009;24
behave;0,000009;25
slide;0,000009;30
anchor;0,000009;34
helpful;0,000009;33
obtain;0,000009;59
latter;0,000009;25
curious;0,000009;62
ever;0,000009;46
postdoctoral;0,000009;26
stand;0,000009;49
resolution;0,000009;38
waitlist;0,000009;50
necessary;0,000009;26
proinflammatory;0,000009;41
reverse;0,000009;30
smiler;0,000009;52
gimchi;0,000009;22
sex;0,000009;8
amuse;0,000009;38
origin;0,000008;25
explanation;0,000008;39
main;0,000008;47
center;0,000008;49
strengthen;0,000008;50
sum;0,000008;56
threezero;0,000008;18
alliance;0,000008;21
satiate;0,000008;26
inherently;0,000008;41
evolution;0,000008;43
anything;0,000008;29
phenomenologically;0,000008;74
immediately;0,000008;51
phrase;0,000008;18
expert;0,000008;29
apart;0,000008;48
fundamental;0,000008;24
neither;0,000008;30
downstream;0,000008;67
priority;0,000008;51
marriage;0,000008;32
depict;0,000008;56
volunteer;0,000008;27
final;0,000008;32
previous;0,000008;50
client;0,000008;27
substantial;0,000008;51
zero;0,000008;30
drink;0,000008;40
critically;0,000007;58
diffuse;0,000007;30
imbalance;0,000007;38
lack;0,000007;47
failure;0,000007;49
bipolar;0,000007;25
section;0,000007;37
highlight;0,000007;48
orient;0,000007;33
construe;0,000007;30
certainty;0,000007;21
nothing;0,000007;29
caregiver;0,000007;22
securely;0,000007;29
unable;0,000007;28
cooperative;0,000007;24
combination;0,000007;37
consensus;0,000007;27
incomplete;0,000007;27
imagine;0,000007;46
sympathetic;0,000007;55
michele;0,000007;32
broadminded;0,000007;70
wrong;0,000007;26
tie;0,000007;51
savour;0,000007;50
company;0,000007;21
entire;0,000007;40
credit;0,000007;15
ans;0,000007;39
pretesting;0,000007;18
infer;0,000007;30
decide;0,000007;14
conceptually;0,000007;24
kok;0,000007;48
invest;0,000007;37
minimal;0,000007;54
regulation;0,000007;44
deeply;0,000007;20
devoid;0,000006;36
lesser;0,000006;39
addiction;0,000006;34
believe;0,000006;34
survive;0,000006;53
onefour;0,000006;40
candle;0,000006;33
box;0,000006;33
tack;0,000006;33
vigorous;0,000006;34
derive;0,000006;57
maximize;0,000006;30
occasion;0,000006;37
consume;0,000006;36
actually;0,000006;30
insight;0,000006;38
differently;0,000006;43
grim;0,000006;20
inspiration;0,000006;16
inquire;0,000006;56
grid;0,000006;25
puppy;0,000006;20
wave;0,000006;20
monitor;0,000006;32
consecutive;0,000006;31
effectively;0,000006;48
attendance;0,000006;20
virtue;0,000006;35
hundred;0,000006;36
penn;0,000006;41
property;0,000006;40
nonconsciously;0,000006;47
attribute;0,000006;37
neural;0,000006;31
inevitably;0,000006;26
mimicry;0,000006;27
decode;0,000006;27
intend;0,000006;19
modal;0,000006;26
hedonic;0,000006;18
etiology;0,000005;20
fashion;0,000005;29
ancestrally;0,000005;41
numerous;0,000005;52
excitement;0,000005;27
mystery;0,000005;24
stimulate;0,000005;33
bear;0,000005;28
increment;0,000005;53
consistently;0,000005;39
respondent;0,000005;43
everyday;0,000005;37
rat;0,000005;32
throughout;0,000005;12
formation;0,000005;31
message;0,000005;34
biologically;0,000005;41
suspect;0,000005;43
tear;0,000005;31
deed;0,000005;21
chart;0,000005;36
chance;0,000005;22
version;0,000005;23
reasonable;0,000005;25
sensitive;0,000005;27
disparate;0,000005;50
occurrence;0,000005;46
collaboration;0,000005;51
marginal;0,000005;36
invalid;0,000005;27
narrowly;0,000005;34
ambiguous;0,000005;33
eric;0,000005;41
garland;0,000005;41
project;0,000005;44
mediator;0,000005;34
recipient;0,000005;47
reliance;0,000005;35
dominant;0,000005;36
vulnerable;0,000005;30
marginalize;0,000004;27
introduce;0,000004;41
interestingly;0,000004;36
alternate;0,000004;22
preserve;0,000004;32
readiness;0,000004;42
speak;0,000004;14
equally;0,000004;20
lithium;0,000004;22
relatedness;0,000004;30
aggressive;0,000004;28
bargain;0,000004;27
causality;0,000004;42
basis;0,000004;37
backdrop;0,000004;32
mode;0,000004;41
accept;0,000004;36
deal;0,000004;42
aside;0,000004;33
moral;0,000004;29
seed;0,000004;54
squeeze;0,000004;31
sway;0,000004;33
father;0,000004;21
reassess;0,000004;30
overcome;0,000004;27
bolster;0,000004;43
percept;0,000004;43
await;0,000004;34
cellular;0,000004;39
intersection;0,000004;39
layer;0,000004;39
dyad;0,000004;44
capitalization;0,000004;39
valuation;0,000004;20
facs;0,000004;27
nuanced;0,000004;30
dangerous;0,000004;32
inadvertently;0,000003;18
indistinguishable;0,000003;25
specificity;0,000003;31
mission;0,000003;27
invariably;0,000003;29
purportedly;0,000003;39
aimless;0,000003;44
fair;0,000003;15
lip;0,000003;28
hallmark;0,000003;32
universal;0,000003;28
alternative;0,000003;38
store;0,000003;31
receptive;0,000003;30
locus;0,000003;28
derryberry;0,000003;32
tucker;0,000003;32
expansion;0,000003;32
paradigm;0,000003;31
diversity;0,000003;13
mammal;0,000003;30
hunt;0,000003;28
tempo;0,000003;15
likelihood;0,000003;47
accurate;0,000003;38
sit;0,000003;36
restore;0,000003;31
coauthor;0,000003;41
facet;0,000003;38
directly;0,000003;28
propensity;0,000003;33
balance;0,000003;26
selective;0,000003;24
amalgam;0,000003;38
foundational;0,000003;35
evaluate;0,000003;29
vasoconstriction;0,000003;44
folkman;0,000003;44
thomas;0,000003;56
beget;0,000003;41
elevation;0,000003;34
catholic;0,000003;15
alzheimer;0,000003;25
being;0,000003;34
aloud;0,000003;19
transformation;0,000003;15
revise;0,000003;26
commonly;0,000003;34
mathematics;0,000003;27
supply;0,000003;28
rarely;0,000003;24
kindness;0,000003;34
puzzle;0,000003;36
pronounce;0,000003;40
spontaneously;0,000003;42
rule;0,000003;31
independently;0,000003;25
race;0,000003;29
possibly;0,000003;29
spur;0,000003;39
pivotal;0,000003;24
poise;0,000003;50
onto;0,000003;36
successful;0,000003;48
driver;0,000003;37
situate;0,000003;35
theorize;0,000003;36
biochemical;0,000003;21
coordinate;0,000003;26
theorise;0,000003;37
mountain;0,000003;17
triangle;0,000003;15
tail;0,000003;27
onesthree;0,000003;27
amongst;0,000003;34
tong;0,000003;25
remember;0,000003;26
prototypic;0,000002;19
emphasize;0,000002;33
service;0,000002;25
nonspecific;0,000002;27
notion;0,000002;19
wonder;0,000002;17
novelty;0,000002;20
mysterious;0,000002;14
familiarity;0,000002;20
solidify;0,000002;35
swing;0,000002;18
judge;0,000002;25
majority;0,000002;26
elementary;0,000002;34
disability;0,000002;33
happy;0,000002;29
almost;0,000002;26
descriptive;0,000002;31
reproduce;0,000002;32
pursuit;0,000002;26
rid;0,000002;29
sequela;0,000002;33
provoke;0,000002;24
strongly;0,000002;21
ubiquitous;0,000002;34
judgment;0,000002;23
span;0,000002;21
meaningful;0,000002;19
evolutionarily;0,000002;34
invoke;0,000002;29
reserve;0,000002;47
manage;0,000002;34
preference;0,000002;38
shrink;0,000002;30
parasympathetic;0,000002;40
essential;0,000002;28
complement;0,000002;28
rare;0,000002;14
lift;0,000002;29
energetic;0,000002;26
archival;0,000002;29
hypothesize;0,000002;26
forward;0,000002;31
multisystem;0,000002;21
overwhelm;0,000002;13
clearly;0,000002;38
visuospatial;0,000002;30
house;0,000002;24
nelson;0,000002;34
dissimilar;0,000002;34
overlap;0,000002;37
defy;0,000002;28
prospectively;0,000002;29
extension;0,000002;35
tonic;0,000002;40
fmri;0,000002;27
sims;0,000002;36
square;0,000002;15
marginally;0,000002;38
meditator;0,000002;34
intrapersonal;0,000002;32
finely;0,000002;32
thin;0,000001;26
illuminate;0,000001;26
sideline;0,000001;15
garner;0,000001;22
surprisingly;0,000001;20
phobia;0,000001;28
specification;0,000001;18
prototype;0,000001;22
mobilize;0,000001;21
unasked;0,000001;35
name;0,000001;27
sure;0,000001;29
minimize;0,000001;24
isomorphic;0,000001;20
presumption;0,000001;21
presume;0,000001;32
artistic;0,000001;18
acquisition;0,000001;19
incidental;0,000001;36
transient;0,000001;22
fruitful;0,000001;29
ample;0,000001;27
nonclinical;0,000001;28
gap;0,000001;23
enlarge;0,000001;34
extensive;0,000001;24
manipulation;0,000001;13
passive;0,000001;16
mastery;0,000001;27
succumb;0,000001;30
translate;0,000001;24
contemporary;0,000001;29
dismantle;0,000001;34
societal;0,000001;22
damage;0,000001;20
plague;0,000001;28
lifethreatening;0,000001;25
briefly;0,000001;23
christine;0,000001;32
aspinwall;0,000001;16
intuitively;0,000001;27
infusion;0,000001;37
isolate;0,000001;17
terrain;0,000001;19
arent;0,000001;18
altruistic;0,000001;31
statistical;0,000001;18
crisis;0,000001;22
realm;0,000001;11
compassionate;0,000001;21
justice;0,000001;15
completely;0,000001;21
mortality;0,000001;20
summary;0,000001;15
column;0,000001;17
frame;0,000001;24
reliability;0,000001;9
finger;0,000001;40
pulse;0,000001;40
transmission;0,000001;40
critic;0,000001;7
strand;0,000001;22
timescale;0,000001;23
recipe;0,000001;14
accrual;0,000001;23
fulfillment;0,000001;34
slim;0,000001;21
inconclusive;0,000001;36
temporary;0,000001;33
administer;0,000001;20
covert;0,000001;17
speculation;0,000001;22
recurrence;0,000001;32
criterion;0,000001;22
next;0,000001;27
increasingly;0,000001;33
intensive;0,000001;31
upswing;0,000001;34
uplift;0,000001;35
sole;0,000001;24
judgement;0,000001;20
configural;0,000001;24
schoolwork;0,000001;26
relish;0,000001;26
reminisce;0,000001;26
contemplate;0,000001;25
affiliate;0,000001;19
gasper;0,000001;28
clore;0,000001;28
categorize;0,000001;25
amidst;0,000001;29
favor;0;16
unfortunate;0;0
richly;0;10
warrant;0;3
unlock;0;16
sorely;0;24
uneven;0;24
inspect;0;8
obstacle;0;11
taxonomy;0;20
english;0;20
language;0;20
imbue;0;13
universally;0;13
dilute;0;17
untrained;0;17
distinguishable;0;16
outright;0;13
distinctiveness;0;5
intercorrelations;0;20
blend;0;20
nesse;0;12
appropriately;0;19
gravitate;0;12
huge;0;11
jealousy;0;5
domestic;0;5
swell;0;18
oneseven;0;18
shame;0;7
expertences;0;14
euphoria;0;14
psychoactive;0;21
neurochemical;0;21
hijack;0;21
substance;0;21
inappropriately;0;14
immense;0;14
arguably;0;8
backseat;0;8
misfortune;0;16
triage;0;16
assumption;0;13
guilt;0;10
amend;0;10
reel;0;8
impulse;0;17
norm;0;17
affordance;0;17
milieu;0;15
lie;0;19
improbably;0;19
emotiongeneral;0;22
concede;0;12
pin;0;12
specify;0;12
affection;0;9
vigilance;0;18
inaction;0;15
acknowledgment;0;10
revision;0;10
qualification;0;10
shoehorn;0;10
elsewhere;0;12
predilection;0;13
retain;0;19
must;0;13
prescriptive;0;17
exemplify;0;15
terminology;0;15
paraphrase;0;15
absent;0;6
accordingly;0;20
script;0;20
maximally;0;5
anecdotal;0;10
recognizable;0;10
theme;0;14
mainly;0;14
alteration;0;14
apparent;0;13
gladness;0;15
progress;0;17
paradigmatic;0;16
bed;0;16
imaginative;0;5
invention;0;6
plain;0;6
fool;0;6
manipulative;0;11
instigate;0;10
subside;0;10
inclusion;0;12
stop;0;6
taction;0;15
explicitly;0;15
actively;0;15
overt;0;10
nonetheless;0;10
animate;0;10
enliven;0;10
obviously;0;20
aesthetic;0;6
arouse;0;9
update;0;14
entice;0;15
instigator;0;14
endeavor;0;14
intelligence;0;14
tranquillity;0;18
inasmuch;0;18
tranquility;0;18
passivity;0;11
mindful;0;11
internally;0;18
receptiveness;0;16
selfcomplexity;0;16
acknowledge;0;17
contextualize;0;15
acquaintance;0;14
renew;0;14
endlessly;0;6
fusion;0;15
parallelism;0;23
easterbrook;0;24
aptly;0;14
assailant;0;14
garment;0;14
gun;0;14
cite;0;6
artist;0;15
overinclusive;0;15
expansiveness;0;9
presence;0;15
notwithstanding;0;18
exemplary;0;21
cartoon;0;33
hear;0;33
comedy;0;33
generalize;0;11
fringe;0;20
exemplar;0;20
color;0;16
chip;0;16
categorizers;0;16
interconnection;0;17
elaboration;0;15
interface;0;13
compatible;0;13
mednicks;0;8
torrance;0;17
actual;0;14
duncker;0;24
book;0;24
burn;0;24
drip;0;24
wax;0;24
kahn;0;22
consumer;0;22
cracker;0;22
soup;0;22
snack;0;22
renninger;0;15
reversal;0;11
straightforward;0;12
scant;0;11
african;0;15
jink;0;15
straight;0;14
air;0;14
snake;0;8
patas;0;6
headlong;0;10
bush;0;10
girl;0;16
conspicuous;0;13
elephant;0;14
seal;0;14
pup;0;14
mule;0;20
deer;0;20
head;0;20
butt;0;20
tactic;0;20
intraspecies;0;20
breed;0;20
season;0;20
rhesus;0;15
avoid;0;15
harmful;0;8
deadly;0;8
mate;0;21
deprive;0;20
foundation;0;15
interestinspired;0;15
persistent;0;13
enthusiastic;0;13
spatial;0;19
fragile;0;15
suppress;0;15
eliminate;0;15
motivator;0;8
extrinsic;0;11
adjustment;0;16
nonemotional;0;20
discrimination;0;11
remarkably;0;19
comprehend;0;18
negotiate;0;18
elaborate;0;13
sacrifice;0;9
newborn;0;12
contour;0;12
interchange;0;10
infantcaregiver;0;10
paralysis;0;17
casual;0;17
altruism;0;8
reciprocate;0;12
cooperation;0;16
complexly;0;27
phenotypic;0;27
dissect;0;27
compose;0;27
constitute;0;27
engineer;0;27
pleistocene;0;21
harm;0;13
fluctuation;0;22
huntergatherers;0;22
reproductive;0;21
genetically;0;15
hedonically;0;22
adaptationist;0;21
modest;0;21
summarize;0;13
antidote;0;27
handful;0;11
roughly;0;27
fourzero;0;33
naturalistic;0;10
union;0;10
third;0;10
smilers;0;17
nonsmilers;0;17
quell;0;26
trade;0;26
bereave;0;22
mouth;0;22
exam;0;17
grip;0;18
avenue;0;18
protect;0;9
chief;0;9
cynomolgus;0;19
hierarchy;0;19
constant;0;4
atherosclerotic;0;19
vasomotor;0;19
abnormality;0;19
endothelial;0;19
injury;0;19
thoracic;0;19
aorta;0;19
toll;0;12
interrupt;0;14
cut;0;14
effectiveness;0;16
treat;0;16
conjure;0;20
subject;0;9
correlation;0;9
undertheorized;0;8
understudy;0;8
underappreciated;0;8
consideration;0;11
intuition;0;13
kahneman;0;13
respective;0;9
ongoing;0;10
debate;0;10
multicomponent;0;12
antecedent;0;15
unconscious;0;21
manifest;0;21
loosely;0;21
consciously;0;6
attitude;0;14
salient;0;17
unmotivated;0;6
denominator;0;24
underspecified;0;14
troublesome;0;9
inconsequential;0;9
formulate;0;12
nuance;0;22
redescribed;0;21
adverse;0;10
news;0;17
recur;0;22
habitual;0;19
correspondence;0;10
outlast;0;13
subdisciplines;0;22
predate;0;9
evocative;0;26
blank;0;12
core;0;16
conform;0;11
underpinning;0;2
circulate;0;11
circuit;0;4
incompatible;0;14
incompatibility;0;7
redistribute;0;16
skeletal;0;16
midrange;0;13
accelerate;0;15
definitively;0;17
contender;0;17
heel;0;13
elapse;0;20
protracted;0;15
lessen;0;13
road;0;10
opportune;0;19
extrapolate;0;11
belief;0;11
candidate;0;5
metal;0;12
bend;0;12
selfreport;0;7
preexist;0;14
phase;0;17
wittingly;0;9
unwittingly;0;9
user;0;9
intentionally;0;10
recruit;0;10
broadly;0;11
bold;0;18
onetwo;0;19
postbereavement;0;11
everworsening;0;22
appreciable;0;32
ing;0;13
vehicle;0;18
interrelate;0;16
outline;0;4
uphold;0;17
scantly;0;14
incremental;0;12
progression;0;12
hypertensive;0;13
ryff;0;12
singer;0;12
assertion;0;16
spouse;0;20
cumulative;0;20
mexican;0;19
disable;0;19
die;0;19
tip;0;10
proverbial;0;10
iceberg;0;10
edify;0;10
convent;0;10
initially;0;12
forget;0;12
kentucky;0;17
deborah;0;19
danner;0;19
snowdon;0;19
biographical;0;19
sketch;0;19
expectancy;0;7
quit;0;7
smoke;0;7
brainchild;0;8
coin;0;10
helplessness;0;10
hopelessness;0;10
stock;0;13
cure;0;13
ill;0;13
treatable;0;9
psychotherapy;0;9
psychopharmacology;0;9
proficient;0;18
rescue;0;18
scientifically;0;18
mihaly;0;22
originate;0;22
cull;0;22
dozen;0;13
shed;0;13
specialty;0;5
matter;0;7
positively;0;13
exactly;0;8
trace;0;14
probably;0;8
afflict;0;15
ail;0;15
comparatively;0;9
distinctly;0;6
number;0;19
readily;0;5
fearful;0;5
corner;0;18
contract;0;18
cheek;0;18
california;0;24
san;0;24
francisco;0;24
indiana;0;24
expectorate;0;7
instant;0;17
didnt;0;9
abandon;0;10
herd;0;21
ice;0;21
peaceful;0;21
scene;0;21
precarious;0;21
funeral;0;21
screen;0;9
saver;0;9
cornell;0;14
mednick;0;14
mower;0;8
atomic;0;8
foreign;0;8
premature;0;19
closure;0;19
negotiator;0;15
schoolyard;0;8
basketball;0;8
gym;0;8
hedonistic;0;13
camaraderie;0;22
vanish;0;7
interview;0;9
everyone;0;9
afraid;0;9
sevenzero;0;2
buffer;0;10
tautology;0;13
primate;0;15
injure;0;15
atherosclerosis;0;15
soon;0;13
delay;0;5
repercussion;0;8
ascent;0;21
ttwo;0;14
resound;0;8
spring;0;4
proud;0;9
elevate;0;10
chain;0;17
cohesive;0;17
harmonious;0;17
occasionally;0;17
poor;0;19
advice;0;14
newfound;0;9
leverage;0;13
ally;0;2
john;0;8
milton;0;8
hell;0;8
unravel;0;8
earth;0;10
bottom;0;18
departure;0;8
history;0;8
extreme;0;26
contextually;0;26
host;0;26
danger;0;9
grab;0;16
afterthought;0;13
redirect;0;18
acknowledgement;0;16
scrutiny;0;20
blur;0;20
sharpen;0;20
multi;0;19
timespan;0;19
adaptational;0;15
heavily;0;14
stimulation;0;14
pleasurable;0;12
cabanac;0;11
trouble;0;11
cool;0;4
bath;0;4
overheat;0;4
hungry;0;9
confuse;0;23
foreground;0;12
longlasting;0;9
guard;0;7
seldom;0;8
routine;0;19
manoeuvre;0;10
knowledgeable;0;26
electromyographic;0;23
supportive;0;17
network;0;14
converge;0;17
zestful;0;17
humour;0;11
strikingly;0;14
log;0;21
web;0;21
site;0;21
up;0;19
down;0;19
stein;0;18
worsen;0;23
fragment;0;6
pledge;0;8
god;0;8
agree;0;14
autobiography;0;8
disinterest;0;17
solid;0;18
confound;0;18
welfare;0;14
imply;0;16
beauty;0;16
robustness;0;16
generativity;0;16
hollow;0;16
rut;0;16
limitation;0;18
impairment;0;18
workday;0;18
dynamical;0;9
craft;0;11
annual;0;11
strategic;0;11
behind;0;17
utterance;0;11
encouragement;0;11
disapproval;0;11
sarcasm;0;11
cynicism;0;11
favour;0;12
viewpoint;0;12
reference;0;9
profitability;0;19
customer;0;19
mix;0;4
lag;0;21
butterfly;0;16
lorenz;0;16
median;0;13
gottman;0;16
sevennine;0;12
marry;0;12
scheme;0;15
observable;0;15
dissolution;0;11
flank;0;4
coherence;0;11
mathematical;0;13
painfully;0;6
predictable;0;6
ripe;0;7
beautifully;0;7
convey;0;13
harbor;0;4
striving;0;17
fervently;0;17
persist;0;17
nose;0;26
glass;0;26
ceil;0;26
prestige;0;26
enterprise;0;26
relevancy;0;26
rename;0;11
department;0;11
insecurity;0;11
legacy;0;18
stay;0;18
umbrella;0;18
soft;0;18
levity;0;17
delight;0;17
spoil;0;17
objectivity;0;17
seriously;0;22
tackle;0;22
ostracism;0;22
true;0;9
cordon;0;14
zeitgeist;0;14
behaviorism;0;14
proponent;0;14
mislead;0;14
epiphenomena;0;14
deride;0;14
mentalist;0;14
unorthodox;0;25
nevertheless;0;25
subspecialty;0;25
multidisciplinary;0;25
professional;0;25
specialize;0;25
explode;0;7
serious;0;21
fore;0;4
weaken;0;13
fiber;0;13
cloak;0;13
jeopardize;0;16
reputation;0;16
edge;0;10
amply;0;10
psychophysiology;0;28
livesthis;0;28
countless;0;13
rejection;0;12
scholarly;0;12
precision;0;12
persistence;0;12
longstanding;0;19
exhaustive;0;2
prospect;0;13
foreshadow;0;17
instancewhen;0;7
goodnews;0;7
acquire;0;8
admiration;0;14
thoughtfully;0;14
generous;0;9
utterly;0;11
cherish;0;11
ease;0;6
immerse;0;10
yearn;0;8
capability;0;9
inventiveness;0;9
accomplish;0;5
fantasize;0;8
arena;0;8
dream;0;8
nonserious;0;10
incongruity;0;10
erupt;0;6
error;0;6
blunder;0;6
joviality;0;9
excellence;0;6
unparalleled;0;9
excel;0;10
grand;0;6
beautiful;0;9
absorb;0;8
vastness;0;8
worldview;0;5
rich;0;12
suffice;0;18
questionnaire;0;26
mdesone;0;9
panas;0;14
des;0;7
5;0;11
youve;0;21
explicit;0;30
kareem;0;30
christian;0;30
waugh;0;30
circumvent;0;8
demand;0;8
deploy;0;14
russell;0;14
densely;0;14
visit;0;14
perimeter;0;13
measurement;0;14
randy;0;14
larsen;0;14
formal;0;15
fellow;0;15
richard;0;15
pique;0;11
captivate;0;23
sentence;0;23
undoers;0;28
concomitant;0;15
essentially;0;11
fellowship;0;11
hug;0;24
dangle;0;24
traffic;0;24
struggle;0;24
eightthree;0;10
pointer;0;17
continuous;0;17
label;0;17
prevideo;0;18
amplitude;0;33
ear;0;33
ocean;0;7
era;0;16
cry;0;16
anyone;0;14
opt;0;24
disengagement;0;9
exact;0;43
ethnicitywe;0;43
actuality;0;5
unrelated;0;37
clipwhile;0;37
ecologically;0;17
extract;0;13
min;0;22
minus;0;22
sophisticate;0;17
chronometry;0;17
auxiliary;0;11
ego;0;26
intermix;0;12
reframe;0;13
wherein;0;16
swift;0;14
counterpart;0;14
speedy;0;11
buff;0;29
postcrisis;0;29
transition;0;16
ignite;0;14
fascination;0;14
renaissance;0;11
favorite;0;10
wise;0;12
toil;0;12
unplowed;0;12
freely;0;12
ponder;0;12
musing;0;16
unsuitable;0;16
lynchpin;0;16
neatly;0;16
submit;0;14
toronto;0;14
invitation;0;22
researchalthough;0;22
assistant;0;22
professor;0;22
scarcely;0;22
let;0;22
forum;0;22
momentum;0;10
leadership;0;10
james;0;10
junior;0;7
reasonably;0;7
audience;0;7
peter;0;21
salovey;0;21
editor;0;21
journal;0;21
intonation;0;9
hit;0;9
podium;0;9
proper;0;14
mihalyi;0;6
isenwork;0;28
akin;0;28
paradoxically;0;28
logic;0;19
simplistic;0;14
inadequate;0;14
unlikely;0;5
millennium;0;12
alike;0;17
vastly;0;17
graphic;0;8
prove;0;15
micromoments;0;15
reshape;0;15
freshly;0;10
wish;0;13
coax;0;13
unsung;0;13
irritate;0;13
sand;0;13
command;0;13
appeal;0;13
pearl;0;11
string;0;11
tightly;0;14
generalizability;0;30
dot;0;40
flexibly;0;40
sensitivity;0;40
horizon;0;40
conclusiveness;0;18
navon;0;13
please;0;18
experimentwe;0;14
invert;0;11
emit;0;24
posner;0;13
fixation;0;12
uncued;0;16
holistic;0;20
attentionwe;0;14
apparatus;0;23
television;0;10
peripherally;0;18
locate;0;18
flanker;0;16
undergird;0;18
elegant;0;15
schmitz;0;15
rosa;0;15
validate;0;22
extrastriate;0;22
fusiform;0;22
parahippocampal;0;22
cortical;0;18
iaps;0;9
contextual;0;18
stroke;0;14
parietal;0;14
temporarily;0;9
steer;0;15
simulator;0;15
favorably;0;15
circle;0;20
identity;0;9
disappear;0;12
incoming;0;20
roommate;0;20
demeanor;0;13
melissa;0;15
kinematic;0;15
clothe;0;16
threeone;0;16
lightweight;0;16
spherical;0;16
tape;0;16
anatomical;0;16
equip;0;16
motion;0;16
camera;0;16
walk;0;16
relive;0;16
torso;0;17
thorax;0;17
conceivably;0;14
posture;0;14
flex;0;14
spine;0;14
embodiment;0;12
harmon;0;18
jones;0;18
delicious;0;18
author;0;19
capable;0;10
massage;0;13
null;0;15
perceptual;0;16
comportment;0;16
resourcefulness;0;15
incrementally;0;16
relational;0;18
sclerosis;0;14
hart;0;14
serially;0;5
wayscontinuing;0;34
teamwe;0;34
analytically;0;34
susan;0;20
gaylord;0;20
teacher;0;28
salanova;0;28
bakker;0;28
llorens;0;28
ouweneel;0;28
blanc;0;28
schaufeli;0;28
xanthopoulou;0;28
lahnna;0;25
catalino;0;25
nonflourishing;0;21
bethany;0;20
arrhythmia;0;14
exhalation;0;14
inhalation;0;14
metabolic;0;11
lookout;0;23
kindnes;0;23
smeditation;0;23
faculty;0;23
seminar;0;23
embolden;0;23
longrange;0;23
employee;0;12
weekday;0;12
reconstruction;0;12
pivotally;0;22
x;0;14
dose;0;18
triple;0;18
inverse;0;10
meditative;0;22
postworkshop;0;15
slope;0;24
conjoint;0;16
preworkshop;0;16
mediational;0;14
latent;0;14
curve;0;14
moderation;0;14
fournine;0;10
frustrate;0;21
elemental;0;20
diet;0;19
currently;0;28
karen;0;8
kathleen;0;8
plasma;0;8
cerebral;0;8
spinal;0;8
fluid;0;8
breakthrough;0;15
assay;0;15
noninvasively;0;15
enzyme;0;15
immunoassay;0;15
normally;0;17
assert;0;27
basal;0;27
production;0;27
tissue;0;27
sickness;0;27
steve;0;6
bioinformatics;0;24
loneliness;0;24
socioeconomic;0;24
healthwe;0;34
putting;0;14
doctoral;0;21
chapel;0;21
hill;0;21
unc;0;21
hallucination;0;19
delusion;0;19
intertwine;0;19
anhedonia;0;19
avolition;0;19
asociality;0;19
alogia;0;19
blunt;0;19
vex;0;9
resistant;0;9
ann;0;23
consummatory;0;23
disturbance;0;23
anticipatory;0;23
graduate;0;28
collaborate;0;28
adjunctive;0;28
medication;0;28
outpatient;0;16
hospital;0;16
eightfour;0;13
counter;0;26
psychopathology;0;26
operate;0;8
ruminative;0;21
sluggishness;0;21
destructive;0;21
permeable;0;10
linchpin;0;23
prevention;0;23
inertia;0;23
climate;0;21
innovative;0;21
productivity;0;21
supervisor;0;23
carson;0;23
contagion;0;16
autonomy;0;16
job;0;16
massive;0;11
auspice;0;6
comprehensive;0;6
initiative;0;6
trauma;0;27
deployment;0;27
war;0;27
zone;0;27
overarch;0;24
national;0;13
institute;0;13
enormous;0;13
estimate;0;13
sixtwo;0;13
altogether;0;13
intake;0;19
tobacco;0;19
alcohol;0;19
arm;0;6
million;0;6
override;0;10
michael;0;23
showcase;0;29
onefive;0;29
predictor;0;19
voluntarily;0;19
regular;0;19
knit;0;14
suite;0;14
carrot;0;19
whip;0;19
rigid;0;19
willpower;0;19
mutable;0;42
predispose;0;42
eisenberger;0;20
injection;0;12
endotoxin;0;9
disconnectionwhich;0;9
entrenchment;0;22
diabetes;0;22
arthritis;0;22
unpack;0;18
opioid;0;18
dopaminergic;0;19
pavlovian;0;19
intrinsically;0;19
allure;0;19
glitter;0;19
dust;0;19
addictionswanting;0;20
decouple;0;20
addict;0;20
intense;0;20
premise;0;31
unhealthy;0;31
sparkle;0;31
rigidly;0;15
depiction;0;6
root;0;25
tether;0;23
arrow;0;37
lifetime;0;7
happen;0;15
nonverbal;0;22
gesture;0;22
tanya;0;22
vacharkulksemsuk;0;22
rapport;0;22
ruth;0;30
feldman;0;30
affectionate;0;30
coo;0;30
surge;0;30
indication;0;10
uri;0;10
widespread;0;22
communication;0;22
gestural;0;9
unity;0;3
whichever;0;14
holistically;0;17
eclipse;0;17
absorption;0;17
responsive;0;22
investment;0;22
sake;0;22
intimate;0;22
amplify;0;18
resonate;0;18
reverberation;0;13
wane;0;13
precondition;0;10
niedenthal;0;17
accuracy;0;17
darwin;0;14
unseen;0;14
readout;0;19
viable;0;15
dyadic;0;32
intersubjectivity;0;32
harken;0;24
individually;0;11
distribute;0;18
reverberate;0;18
mature;0;9
maturity;0;17
emergence;0;17
handbook;0;17
michelle;0;17
leslie;0;16
kirby;0;16
forthcoming;0;16
guilford;0;16
gruber;0;16
judith;0;16
oxford;0;16
gratify;0;19
humble;0;19
nudge;0;15
untether;0;15
imagination;0;15
epigenetics;0;9
globe;0;12
cadre;0;26
impeccably;0;26
confident;0;26
construct;0;9
mobilise;0;16
unwarranted;0;16
conclusion;0;10
scatter;0;10
elderly;0;16
presently;0;13
illustrate;0;19
organisation;0;29
prefrontal;0;29
anterior;0;29
cingulate;0;29
conceptualise;0;16
synonym;0;16
suggestive;0;14
unclear;0;14
enroll;0;6
introductory;0;6
participation;0;6
eightone;0;6
twothree;0;6
unite;0;3
likert;0;5
swim;0;13
stream;0;11
taunt;0;19
insult;0;19
amish;0;19
passer;0;19
street;0;19
accident;0;9
colour;0;15
pile;0;15
adapt;0;13
palmer;0;13
top;0;9
have;0;6
except;0;10
variance;0;18
concur;0;10
suit;0;10
precedence;0;10
filler;0;19
onea;0;8
triangular;0;12
satisfactory;0;5
concentrate;0;6
vividly;0;6
exploratory;0;6
subsequently;0;16
inde;0;16
pendent;0;16
interrater;0;1
proportion;0;10
divide;0;10
arrival;0;10
chair;0;10
inform;0;10
consent;0;10
front;0;17
nearby;0;4
clipboard;0;4
familiarise;0;12
experimenter;0;11
emphasise;0;11
yoke;0;10
twice;0;10
imagery;0;11
directional;0;12
permit;0;7
unequal;0;8
cell;0;8
collapse;0;11
inspection;0;7
tukey;0;16
pairwise;0;16
comparisions;0;16
untargeted;0;9
ethnicity;0;4
anova;0;11
serene;0;14
partial;0;11
ssfour;0;6
twossix;0;15
twoseight;0;11
methodologically;0;11
generality;0;11
unambiguous;0;13
insensitive;0;13
alternatively;0;8
weak;0;8
undirected;0;23
aversive;0;23
hoc;0;16
cunningham;0;25
prosocial;0;25
strenuous;0;25
leisure;0;25
affiliative;0;19
anxious;0;14
effortfully;0;14
effortful;0;18
normative;0;19
merit;0;6
vision;0;2
allocate;0;3
generalise;0;9
attainment;0;9
angle;0;25
maintenance;0;31
salutary;0;12
valuable;0;23
lifespan;0;23
squelch;0;16
dismiss;0;16
enrich;0;14
bulk;0;12
hormonal;0;16
subjectively;0;7
determination;0;10
input;0;10
noxious;0;14
historically;0;7
ameliorate;0;8
prominent;0;14
overlook;0;16
compensatory;0;16
preparedness;0;10
cleanly;0;7
weight;0;16
intellectually;0;7
furthermore;0;22
shortterm;0;22
friendly;0;11
sequential;0;13
cognitively;0;15
search;0;26
saccade;0;26
clarify;0;17
hirsch;0;23
associative;0;23
simulate;0;20
protocol;0;20
stereotype;0;15
carefully;0;14
thorough;0;16
defensive;0;16
reconcile;0;16
creation;0;14
interdependence;0;14
disinhibition;0;12
intergroup;0;12
ground;0;12
racial;0;23
racially;0;23
empathy;0;20
substantive;0;16
befriend;0;16
king;0;19
diener;0;19
coffey;0;20
pek;0;20
finkel;0;20
deliberately;0;15
agency;0;21
attributable;0;16
brown;0;13
mikels;0;13
conway;0;13
constructive;0;23
mere;0;22
connectedness;0;14
unemployment;0;15
grieve;0;26
partly;0;26
lexicon;0;24
deny;0;24
seriousness;0;24
rapid;0;17
contradict;0;28
unhelpful;0;28
suicidal;0;28
painful;0;28
pessimism;0;20
pain;0;20
successfully;0;20
detrimental;0;19
properly;0;19
neutralize;0;13
afterwards;0;12
microcosm;0;7
physiologically;0;23
popular;0;14
underrepresent;0;14
check;0;14
subscale;0;14
feasible;0;14
intensely;0;10
prototypical;0;16
dispositional;0;18
disposition;0;16
lastly;0;13
ideally;0;11
ideal;0;11
affiliation;0;11
flaw;0;5
desirable;0;18
distract;0;18
subtle;0;18
electrical;0;9
sensor;0;9
tension;0;9
zygomasticus;0;12
obicularis;0;12
oculus;0;12
aware;0;8
discriminate;0;11
incorporation;0;17
expressive;0;17
profile;0;18
enthusiasm;0;18
nurturant;0;18
interbeat;0;13
skin;0;13
conductance;0;13
ejection;0;13
eager;0;9
turken;0;17
release;0;17
proactive;0;17
robinson;0;9
antipsychotic;0;11
rigidity;0;11
neurotransmitter;0;18
neuronal;0;18
pave;0;18
neuroimaging;0;15
hemispheric;0;15
tonically;0;15
paper;0;10
kringelbach;0;10
neuroanatomy;0;10
hotspot;0;10
emmons;0;14
mccullough;0;14
diary;0;14
sheldon;0;19
visualize;0;19
steen;0;19
park;0;19
cumbersome;0;15
population;0;13
commitment;0;13
practitioner;0;20
tiedens;0;13
linton;0;13
uncertainty;0;13
gonzaga;0;13
romantic;0;12
praise;0;11
advancement;0;12
uniquely;0;20
lens;0;10
relevance;0;15
distinctive;0;18
opportunityrelated;0;18
prevalent;0;6
tenet;0;13
efficiency;0;9
examination;0;17
careful;0;1
eudaimonic;0;8
portray;0;12
dichotomy;0;12
idle;0;16
potentially;0;16
persevere;0;18
entrench;0;18
pitfall;0;11
ready;0;20
extremely;0;19
untempered;0;19
degrade;0;19
unacceptably;0;15
costly;0;15
unify;0;10
